{"cameraMode":{"drawMode":0,"name":"Shaded","section":"Shading Mode"},"sceneLighting":true,"audioPlay":false,"sceneViewState":{"m_AlwaysRefresh":false,"showFog":true,"showSkybox":false,"showFlares":true,"showImageEffects":true,"showParticleSystems":true,"showVisualEffectGraphs":true,"m_FxEnabled":true},"in2DMode":false,"pivot":{"x":11.708938598632813,"y":6.768005847930908,"z":-2.063343048095703},"rotation":{"x":-0.10373206436634064,"y":-0.009028641507029534,"z":0.0010298086563125253,"w":-0.9948319792747498},"size":18.147687911987306,"orthographic":false}