{"cameraMode":{"drawMode":0,"name":"Shaded","section":"Shading Mode"},"sceneLighting":true,"audioPlay":false,"sceneViewState":{"m_AlwaysRefresh":false,"showFog":true,"showSkybox":false,"showFlares":true,"showImageEffects":true,"showParticleSystems":true,"showVisualEffectGraphs":true,"m_FxEnabled":true},"in2DMode":false,"pivot":{"x":1.2243289947509766,"y":2.1318435668945314,"z":-22.895978927612306},"rotation":{"x":0.3649953007698059,"y":-0.13112899661064149,"z":0.05549571290612221,"w":0.9206806421279907},"size":29.175411224365236,"orthographic":false}