{"cameraMode":{"drawMode":0,"name":"Shaded","section":"Shading Mode"},"sceneLighting":true,"audioPlay":false,"sceneViewState":{"m_AlwaysRefresh":false,"showFog":true,"showSkybox":false,"showFlares":true,"showImageEffects":true,"showParticleSystems":true,"showVisualEffectGraphs":true,"m_FxEnabled":true},"in2DMode":false,"pivot":{"x":18.000553131103517,"y":8.372312545776368,"z":-29.728418350219728},"rotation":{"x":0.039115406572818759,"y":-0.7232749462127686,"z":0.04129873588681221,"w":0.6886410117149353},"size":0.5578770637512207,"orthographic":false}