{"cameraMode":{"drawMode":0,"name":"Shaded","section":"Shading Mode"},"sceneLighting":true,"audioPlay":false,"sceneViewState":{"m_AlwaysRefresh":false,"showFog":true,"showSkybox":false,"showFlares":true,"showImageEffects":true,"showParticleSystems":true,"showVisualEffectGraphs":true,"m_FxEnabled":true},"in2DMode":false,"pivot":{"x":14.165263175964356,"y":8.694683074951172,"z":-34.08336639404297},"rotation":{"x":0.1452905833721161,"y":0.010382168926298619,"z":-0.0015475531108677388,"w":0.989367663860321},"size":7.244753360748291,"orthographic":false}