{"cameraMode":{"drawMode":0,"name":"Shaded","section":"Shading Mode"},"sceneLighting":true,"audioPlay":false,"sceneViewState":{"m_AlwaysRefresh":false,"showFog":true,"showSkybox":false,"showFlares":true,"showImageEffects":true,"showParticleSystems":true,"showVisualEffectGraphs":true,"m_FxEnabled":true},"in2DMode":false,"pivot":{"x":14.529091835021973,"y":20.968772888183595,"z":-39.320518493652347},"rotation":{"x":-0.33400484919548037,"y":0.14694125950336457,"z":-0.05303224176168442,"w":-0.9298216700553894},"size":13.524293899536133,"orthographic":false}