{"cameraMode":{"drawMode":0,"name":"Shaded","section":"Shading Mode"},"sceneLighting":true,"audioPlay":false,"sceneViewState":{"m_AlwaysRefresh":false,"showFog":true,"showSkybox":false,"showFlares":true,"showImageEffects":true,"showParticleSystems":true,"showVisualEffectGraphs":true,"m_FxEnabled":true},"in2DMode":false,"pivot":{"x":2.8823604583740236,"y":14.757085800170899,"z":-5.349048614501953},"rotation":{"x":-0.026175368577241899,"y":0.9625632166862488,"z":-0.25132638216018679,"w":-0.10035330802202225},"size":24.519933700561525,"orthographic":false}