{"cameraMode":{"drawMode":0,"name":"Shaded","section":"Shading Mode"},"sceneLighting":true,"audioPlay":false,"sceneViewState":{"m_AlwaysRefresh":false,"showFog":true,"showSkybox":false,"showFlares":true,"showImageEffects":true,"showParticleSystems":true,"showVisualEffectGraphs":true,"m_FxEnabled":true},"in2DMode":false,"pivot":{"x":19.813486099243165,"y":13.757463455200196,"z":-39.721343994140628},"rotation":{"x":0.013921025209128857,"y":0.9856931567192078,"z":-0.1338057816028595,"w":0.1044696494936943},"size":0.0320528969168663,"orthographic":false}