{"cameraMode":{"drawMode":0,"name":"Shaded","section":"Shading Mode"},"sceneLighting":true,"audioPlay":false,"sceneViewState":{"m_AlwaysRefresh":false,"showFog":true,"showSkybox":false,"showFlares":true,"showImageEffects":true,"showParticleSystems":true,"showVisualEffectGraphs":true,"m_FxEnabled":true},"in2DMode":false,"pivot":{"x":14.762845039367676,"y":6.55704402923584,"z":-31.294261932373048},"rotation":{"x":0.0035629018675535919,"y":0.9958887696266174,"z":-0.049263738095760348,"w":0.07992137223482132},"size":0.8696371912956238,"orthographic":false}