{"cameraMode":{"drawMode":0,"name":"Shaded","section":"Shading Mode"},"sceneLighting":true,"audioPlay":false,"sceneViewState":{"m_AlwaysRefresh":false,"showFog":true,"showSkybox":false,"showFlares":true,"showImageEffects":true,"showParticleSystems":true,"showVisualEffectGraphs":true,"m_FxEnabled":true},"in2DMode":false,"pivot":{"x":10.117523193359375,"y":15.978891372680664,"z":54.19186019897461},"rotation":{"x":-0.05114340782165527,"y":0.8398450613021851,"z":-0.08036018908023834,"w":-0.5344145894050598},"size":48.912139892578128,"orthographic":false}