{"cameraMode":{"drawMode":0,"name":"Shaded","section":"Shading Mode"},"sceneLighting":true,"audioPlay":false,"sceneViewState":{"m_AlwaysRefresh":false,"showFog":true,"showSkybox":false,"showFlares":true,"showImageEffects":true,"showParticleSystems":true,"showVisualEffectGraphs":true,"m_FxEnabled":true},"in2DMode":false,"pivot":{"x":-10.507034301757813,"y":28.905677795410158,"z":-2.9810733795166017},"rotation":{"x":-0.06219227984547615,"y":-0.6958372592926025,"z":0.06070699542760849,"w":-0.7132287621498108},"size":13.046140670776368,"orthographic":false}